User_ID,Join_Date,Subscription_Type,Usage_Hours_per_Week,Last_Login,Support_Tickets_Raised,Payment_Method,Subscription_Status,Cancellation_Reason,NPS_Score,Customer_Tenure_Months,Days_Since_Last_Login,Churned,Join_Month,Segment,Start of Month
U0001,13-02-2024,Premium,6,24-06-2024,0,Debit Card,Active,Not Applicable,-70,17.5,393,0,01-02-2024,At Risk User,01-02-2024
U0002,15-08-2024,Basic,4.7,13-04-2025,3,Credit Card,Cancelled,Too Expensive,100,11.4,100,1,01-08-2024,Churned User,01-08-2024
U0003,25-03-2025,Premium,6.3,07-04-2025,2,PayPal,Active,Not Applicable,40,4,106,0,01-03-2025,At Risk User,01-03-2025
U0004,31-01-2024,Basic,8,10-07-2024,4,Debit Card,Active,Not Applicable,-60,17.9,377,0,01-01-2024,At Risk User,01-01-2024
U0005,22-05-2024,Basic,4.5,06-07-2025,3,Credit Card,Active,Not Applicable,-10,14.2,16,0,01-05-2024,Other Active User,01-05-2024
U0006,15-07-2024,Premium,4.5,10-01-2025,0,PayPal,Active,Not Applicable,50,12.4,193,0,01-07-2024,At Risk User,01-07-2024
U0007,10-04-2024,Premium,8.2,26-04-2025,2,PayPal,Cancelled,Lack of Use,70,15.6,87,1,01-04-2024,Churned User,01-04-2024
U0008,26-03-2024,Basic,6.5,21-05-2024,4,Debit Card,Active,Not Applicable,-10,16.1,427,0,01-03-2024,At Risk User,01-03-2024
U0009,12-07-2024,Basic,4.1,28-11-2024,4,UPI,Active,Not Applicable,-80,12.5,236,0,01-07-2024,At Risk User,01-07-2024
U0010,20-08-2023,Basic,6.1,11-06-2024,4,Credit Card,Active,Not Applicable,-100,23.4,406,0,01-08-2023,At Risk User,01-08-2023
U0011,14-07-2025,Premium,4.1,20-07-2025,0,PayPal,Cancelled,Switched to Competitor,100,0.3,2,1,01-07-2025,Churned User,01-07-2025
U0012,05-07-2025,Premium,4.1,09-07-2025,4,Debit Card,Active,Not Applicable,-40,0.6,13,0,01-07-2025,Other Active User,01-07-2025
U0013,21-03-2024,Basic,5.5,22-06-2024,0,Credit Card,Active,Not Applicable,30,16.3,395,0,01-03-2024,At Risk User,01-03-2024
U0014,09-06-2025,Premium,1.2,22-06-2025,3,PayPal,Active,Not Applicable,-60,1.4,30,0,01-06-2025,At Risk User,01-06-2025
U0015,30-11-2024,Premium,1.6,21-12-2024,2,UPI,Active,Not Applicable,-80,7.8,213,0,01-11-2024,At Risk User,01-11-2024
U0016,24-01-2024,Enterprise,3.9,25-09-2024,3,Credit Card,Cancelled,No Longer Needed,0,18.2,300,1,01-01-2024,Churned User,01-01-2024
U0017,06-05-2024,Premium,3,11-12-2024,1,Debit Card,Active,Not Applicable,-50,14.7,223,0,01-05-2024,At Risk User,01-05-2024
U0018,31-12-2024,Basic,5.6,10-05-2025,0,UPI,Active,Not Applicable,90,6.8,73,0,01-12-2024,At Risk User,01-12-2024
U0019,18-06-2025,Enterprise,3.2,29-06-2025,0,UPI,Active,Not Applicable,-90,1.1,23,0,01-06-2025,Other Active User,01-06-2025
U0020,14-12-2023,Basic,2.2,20-05-2024,4,UPI,Active,Not Applicable,60,19.5,428,0,01-12-2023,At Risk User,01-12-2023
U0021,18-09-2023,Basic,7.9,24-12-2023,0,Credit Card,Cancelled,Switched to Competitor,90,22.4,576,1,01-09-2023,Churned User,01-09-2023
U0022,09-11-2023,Basic,4.5,28-01-2025,1,UPI,Active,Not Applicable,20,20.7,175,0,01-11-2023,At Risk User,01-11-2023
U0023,23-04-2024,Basic,5.1,23-03-2025,3,UPI,Cancelled,Too Expensive,0,15.2,121,1,01-04-2024,Churned User,01-04-2024
U0024,05-12-2023,Premium,2.2,14-02-2025,4,Credit Card,Active,Not Applicable,-30,19.8,158,0,01-12-2023,At Risk User,01-12-2023
U0025,08-12-2023,Basic,3.9,29-04-2025,1,UPI,Active,Not Applicable,-100,19.7,84,0,01-12-2023,At Risk User,01-12-2023
U0026,03-11-2024,Basic,5.2,16-12-2024,4,PayPal,Cancelled,Switched to Competitor,80,8.7,218,1,01-11-2024,Churned User,01-11-2024
U0027,22-05-2025,Basic,2.7,24-06-2025,4,PayPal,Active,Not Applicable,-20,2,28,0,01-05-2025,At Risk User,01-05-2025
U0028,30-07-2024,Basic,5.8,30-06-2025,1,PayPal,Cancelled,Too Expensive,-70,11.9,22,1,01-07-2024,Churned User,01-07-2024
U0029,13-08-2024,Basic,3.8,03-05-2025,0,Credit Card,Active,Not Applicable,50,11.4,80,0,01-08-2024,At Risk User,01-08-2024
U0030,01-05-2024,Premium,4.4,12-01-2025,2,Credit Card,Active,Not Applicable,40,14.9,191,0,01-05-2024,At Risk User,01-05-2024
U0031,18-10-2024,Premium,3.8,11-02-2025,2,Credit Card,Cancelled,Too Expensive,50,9.2,161,1,01-10-2024,Churned User,01-10-2024
U0032,07-02-2024,Basic,8.7,26-04-2025,1,UPI,Active,Not Applicable,-30,17.7,87,0,01-02-2024,Power User,01-02-2024
U0033,06-01-2025,Enterprise,5,04-07-2025,2,Debit Card,Cancelled,Technical Issues,90,6.6,18,1,01-01-2025,Churned User,01-01-2025
U0034,25-01-2024,Premium,2.9,21-11-2024,2,UPI,Active,Not Applicable,40,18.1,243,0,01-01-2024,At Risk User,01-01-2024
U0035,01-12-2023,Premium,6.6,25-04-2024,1,Credit Card,Cancelled,Lack of Use,0,20,453,1,01-12-2023,Churned User,01-12-2023
U0036,23-06-2024,Premium,2.6,04-12-2024,0,UPI,Active,Not Applicable,-60,13.1,230,0,01-06-2024,At Risk User,01-06-2024
U0037,14-08-2023,Basic,5.4,21-05-2024,1,PayPal,Active,Not Applicable,20,23.6,427,0,01-08-2023,At Risk User,01-08-2023
U0038,24-12-2024,Basic,1.1,13-01-2025,4,UPI,Active,Not Applicable,10,7,190,0,01-12-2024,At Risk User,01-12-2024
U0039,11-08-2024,Basic,2.3,22-05-2025,2,UPI,Active,Not Applicable,80,11.5,61,0,01-08-2024,At Risk User,01-08-2024
U0040,15-12-2023,Premium,5.4,23-06-2024,2,UPI,Cancelled,Lack of Use,100,19.5,394,1,01-12-2023,Churned User,01-12-2023
U0041,14-04-2025,Basic,6.5,23-05-2025,2,Credit Card,Active,Not Applicable,-90,3.3,60,0,01-04-2025,Other Active User,01-04-2025
U0042,13-09-2024,Premium,5.3,21-09-2024,4,Credit Card,Cancelled,No Longer Needed,-50,10.4,304,1,01-09-2024,Churned User,01-09-2024
U0043,29-08-2024,Premium,4.8,23-04-2025,0,UPI,Active,Not Applicable,70,10.9,90,0,01-08-2024,At Risk User,01-08-2024
U0044,06-04-2024,Premium,4.4,10-03-2025,3,UPI,Cancelled,Technical Issues,20,15.7,134,1,01-04-2024,Churned User,01-04-2024
U0045,10-10-2024,Enterprise,2,20-01-2025,3,Debit Card,Cancelled,No Longer Needed,20,9.5,183,1,01-10-2024,Churned User,01-10-2024
U0046,16-08-2023,Basic,3.6,24-08-2024,3,Credit Card,Active,Not Applicable,60,23.5,332,0,01-08-2023,At Risk User,01-08-2023
U0047,21-08-2024,Basic,4.1,06-10-2024,2,PayPal,Cancelled,Too Expensive,-50,11.2,289,1,01-08-2024,Churned User,01-08-2024
U0048,07-10-2023,Premium,7.1,17-08-2024,1,Credit Card,Cancelled,Too Expensive,-60,21.8,339,1,01-10-2023,Churned User,01-10-2023
U0049,06-05-2024,Premium,5.7,04-12-2024,1,PayPal,Active,Not Applicable,-80,14.7,230,0,01-05-2024,At Risk User,01-05-2024
U0050,17-11-2023,Basic,1.5,13-08-2024,2,PayPal,Cancelled,Switched to Competitor,-80,20.4,343,1,01-11-2023,Churned User,01-11-2023
U0051,13-11-2024,Enterprise,5.6,14-11-2024,0,PayPal,Cancelled,Lack of Use,50,8.4,250,1,01-11-2024,Churned User,01-11-2024
U0052,23-05-2025,Basic,4.2,28-05-2025,4,Debit Card,Active,Not Applicable,-80,2,55,0,01-05-2025,Other Active User,01-05-2025
U0053,06-02-2024,Basic,3.6,01-03-2025,0,UPI,Active,Not Applicable,-30,17.7,143,0,01-02-2024,At Risk User,01-02-2024
U0054,27-09-2023,Basic,6.2,13-10-2023,2,UPI,Cancelled,Lack of Use,-20,22.1,648,1,01-09-2023,Churned User,01-09-2023
U0055,05-10-2023,Enterprise,7.1,09-11-2024,3,Debit Card,Active,Not Applicable,100,21.9,255,0,01-10-2023,At Risk User,01-10-2023
U0056,03-12-2024,Basic,6.9,16-06-2025,0,UPI,Active,Not Applicable,40,7.7,36,0,01-12-2024,Other Active User,01-12-2024
U0057,24-06-2025,Premium,3.3,27-06-2025,0,Debit Card,Cancelled,Technical Issues,-90,0.9,25,1,01-06-2025,Churned User,01-06-2025
U0058,30-07-2024,Premium,4.4,15-08-2024,2,UPI,Active,Not Applicable,-50,11.9,341,0,01-07-2024,At Risk User,01-07-2024
U0059,05-10-2023,Premium,5.7,20-06-2024,4,UPI,Active,Not Applicable,80,21.9,397,0,01-10-2023,At Risk User,01-10-2023
U0060,22-06-2025,Basic,7,22-06-2025,0,Debit Card,Active,Not Applicable,30,1,30,0,01-06-2025,Other Active User,01-06-2025
U0061,08-10-2023,Enterprise,4,30-07-2024,3,Credit Card,Cancelled,Switched to Competitor,70,21.8,357,1,01-10-2023,Churned User,01-10-2023
U0062,01-07-2025,Basic,4.6,03-07-2025,4,PayPal,Cancelled,Technical Issues,10,0.7,19,1,01-07-2025,Churned User,01-07-2025
U0063,14-12-2024,Premium,2.8,30-04-2025,4,PayPal,Active,Not Applicable,80,7.3,83,0,01-12-2024,At Risk User,01-12-2024
U0064,26-03-2025,Enterprise,2.6,09-06-2025,4,UPI,Active,Not Applicable,90,3.9,43,0,01-03-2025,At Risk User,01-03-2025
U0065,26-12-2024,Premium,6.6,22-04-2025,3,Debit Card,Cancelled,Lack of Use,-100,6.9,91,1,01-12-2024,Churned User,01-12-2024
U0066,26-12-2024,Premium,7.7,02-05-2025,1,PayPal,Active,Not Applicable,-10,6.9,81,0,01-12-2024,At Risk User,01-12-2024
U0067,31-03-2025,Enterprise,4.9,05-06-2025,0,PayPal,Active,Not Applicable,90,3.8,47,0,01-03-2025,Other Active User,01-03-2025
U0068,18-12-2023,Enterprise,7,28-02-2025,4,Credit Card,Active,Not Applicable,-60,19.4,144,0,01-12-2023,At Risk User,01-12-2023
U0069,15-04-2025,Premium,5.7,17-04-2025,2,Credit Card,Cancelled,Too Expensive,70,3.3,96,1,01-04-2025,Churned User,01-04-2025
U0070,17-07-2025,Enterprise,3.7,18-07-2025,3,Debit Card,Active,Not Applicable,50,0.2,4,0,01-07-2025,Other Active User,01-07-2025
U0071,23-07-2024,Basic,5.7,01-02-2025,4,Credit Card,Active,Not Applicable,-40,12.1,171,0,01-07-2024,At Risk User,01-07-2024
U0072,09-10-2023,Enterprise,8.1,22-11-2023,3,Debit Card,Active,Not Applicable,-90,21.7,608,0,01-10-2023,Power User,01-10-2023
U0073,31-10-2024,Basic,4.9,17-11-2024,2,UPI,Active,Not Applicable,-60,8.8,247,0,01-10-2024,At Risk User,01-10-2024
U0074,21-10-2023,Basic,8.1,14-08-2024,0,UPI,Active,Not Applicable,-30,21.3,342,0,01-10-2023,Power User,01-10-2023
U0075,16-08-2023,Premium,0,31-03-2024,1,Credit Card,Active,Not Applicable,0,23.5,478,0,01-08-2023,At Risk User,01-08-2023
U0076,13-09-2023,Basic,6.6,26-02-2025,1,UPI,Active,Not Applicable,-20,22.6,146,0,01-09-2023,At Risk User,01-09-2023
U0077,08-04-2025,Basic,5.2,08-06-2025,3,UPI,Active,Not Applicable,-40,3.5,44,0,01-04-2025,Other Active User,01-04-2025
U0078,28-01-2025,Premium,4.4,11-03-2025,1,Credit Card,Cancelled,Switched to Competitor,70,5.8,133,1,01-01-2025,Churned User,01-01-2025
U0079,25-05-2024,Enterprise,5.2,04-04-2025,2,Debit Card,Active,Not Applicable,10,14.1,109,0,01-05-2024,At Risk User,01-05-2024
U0080,21-02-2025,Enterprise,1,21-05-2025,0,Credit Card,Cancelled,Lack of Use,-50,5,62,1,01-02-2025,Churned User,01-02-2025
U0081,09-10-2023,Basic,4.6,16-11-2023,2,PayPal,Active,Not Applicable,50,21.7,614,0,01-10-2023,At Risk User,01-10-2023
U0082,02-09-2023,Premium,5.7,03-03-2024,0,UPI,Active,Not Applicable,-90,23,506,0,01-09-2023,At Risk User,01-09-2023
U0083,30-09-2023,Enterprise,8,07-04-2024,4,Debit Card,Active,Not Applicable,0,22,471,0,01-09-2023,At Risk User,01-09-2023
U0084,16-02-2025,Basic,4,12-07-2025,3,PayPal,Active,Not Applicable,10,5.2,10,0,01-02-2025,Other Active User,01-02-2025
U0085,31-03-2025,Basic,3.4,22-06-2025,1,Credit Card,Cancelled,Switched to Competitor,-40,3.8,30,1,01-03-2025,Churned User,01-03-2025
U0086,24-02-2024,Basic,4,28-02-2024,4,UPI,Active,Not Applicable,50,17.1,510,0,01-02-2024,At Risk User,01-02-2024
U0087,11-03-2024,Basic,6.8,14-11-2024,2,Credit Card,Active,Not Applicable,10,16.6,250,0,01-03-2024,At Risk User,01-03-2024
U0088,18-02-2024,Premium,5.7,28-02-2024,4,PayPal,Cancelled,No Longer Needed,-20,17.3,510,1,01-02-2024,Churned User,01-02-2024
U0089,06-05-2025,Premium,3.9,22-05-2025,3,Credit Card,Active,Not Applicable,90,2.6,61,0,01-05-2025,At Risk User,01-05-2025
U0090,14-08-2024,Premium,6,09-12-2024,3,Debit Card,Active,Not Applicable,-70,11.4,225,0,01-08-2024,At Risk User,01-08-2024
U0091,04-11-2023,Basic,5.2,26-03-2024,1,Debit Card,Cancelled,Technical Issues,10,20.9,483,1,01-11-2023,Churned User,01-11-2023
U0092,03-01-2024,Basic,6.9,08-08-2024,0,UPI,Active,Not Applicable,-70,18.9,348,0,01-01-2024,At Risk User,01-01-2024
U0093,28-09-2024,Premium,3.6,29-04-2025,1,Debit Card,Active,Not Applicable,-50,9.9,84,0,01-09-2024,At Risk User,01-09-2024
U0094,02-07-2025,Premium,4.3,08-07-2025,0,Credit Card,Active,Not Applicable,40,0.7,14,0,01-07-2025,Other Active User,01-07-2025
U0095,20-08-2024,Basic,4.2,11-11-2024,1,UPI,Active,Not Applicable,10,11.2,253,0,01-08-2024,At Risk User,01-08-2024
U0096,06-04-2025,Premium,2.1,21-04-2025,0,PayPal,Active,Not Applicable,90,3.6,92,0,01-04-2025,At Risk User,01-04-2025
U0097,04-01-2025,Premium,5.6,19-02-2025,2,Credit Card,Active,Not Applicable,80,6.6,153,0,01-01-2025,At Risk User,01-01-2025
U0098,22-01-2025,Basic,5.5,27-03-2025,1,Credit Card,Cancelled,Too Expensive,-40,6,117,1,01-01-2025,Churned User,01-01-2025
U0099,27-09-2023,Basic,5,15-09-2024,3,Credit Card,Active,Not Applicable,-30,22.1,310,0,01-09-2023,At Risk User,01-09-2023
U0100,23-08-2023,Premium,4.5,11-04-2024,0,Credit Card,Active,Not Applicable,-60,23.3,467,0,01-08-2023,At Risk User,01-08-2023
U0101,26-06-2025,Basic,2.2,21-07-2025,4,Credit Card,Active,Not Applicable,80,0.9,1,0,01-06-2025,At Risk User,01-06-2025
U0102,17-04-2025,Basic,4.2,06-06-2025,2,Credit Card,Active,Not Applicable,-80,3.2,46,0,01-04-2025,Other Active User,01-04-2025
U0103,30-12-2024,Basic,4.3,07-07-2025,0,PayPal,Active,Not Applicable,-30,6.8,15,0,01-12-2024,Other Active User,01-12-2024
U0104,24-12-2023,Enterprise,3.4,14-03-2024,1,PayPal,Active,Not Applicable,100,19.2,495,0,01-12-2023,At Risk User,01-12-2023
U0105,14-01-2025,Premium,4.7,24-02-2025,3,Credit Card,Active,Not Applicable,-20,6.3,148,0,01-01-2025,At Risk User,01-01-2025
U0106,16-06-2024,Premium,5.8,18-11-2024,0,Debit Card,Active,Not Applicable,-100,13.4,246,0,01-06-2024,At Risk User,01-06-2024
U0107,24-02-2025,Basic,8.8,10-04-2025,4,PayPal,Active,Not Applicable,-70,4.9,103,0,01-02-2025,At Risk User,01-02-2025
U0108,19-06-2024,Premium,5.3,24-01-2025,0,Debit Card,Cancelled,Technical Issues,-90,13.3,179,1,01-06-2024,Churned User,01-06-2024
U0109,26-09-2024,Basic,5.5,18-12-2024,1,PayPal,Active,Not Applicable,-70,10,216,0,01-09-2024,At Risk User,01-09-2024
U0110,30-05-2025,Enterprise,4.9,11-07-2025,2,Credit Card,Active,Not Applicable,70,1.8,11,0,01-05-2025,Other Active User,01-05-2025
U0111,08-01-2024,Basic,1.2,06-04-2025,3,Debit Card,Active,Not Applicable,10,18.7,107,0,01-01-2024,At Risk User,01-01-2024
U0112,19-07-2025,Premium,4.9,21-07-2025,4,Credit Card,Cancelled,No Longer Needed,-50,0.1,1,1,01-07-2025,Churned User,01-07-2025
U0113,05-05-2024,Premium,5.1,26-04-2025,2,Debit Card,Active,Not Applicable,-30,14.8,87,0,01-05-2024,At Risk User,01-05-2024
U0114,25-12-2024,Basic,9.9,15-02-2025,4,Credit Card,Cancelled,Too Expensive,20,7,157,1,01-12-2024,Churned User,01-12-2024
U0115,16-06-2025,Basic,4.6,22-06-2025,3,Credit Card,Active,Not Applicable,40,1.2,30,0,01-06-2025,Other Active User,01-06-2025
U0116,15-06-2024,Premium,5.6,15-06-2025,1,UPI,Cancelled,No Longer Needed,50,13.4,37,1,01-06-2024,Churned User,01-06-2024
U0117,11-10-2024,Basic,4.9,04-03-2025,4,Debit Card,Active,Not Applicable,10,9.5,140,0,01-10-2024,At Risk User,01-10-2024
U0118,03-12-2024,Basic,2.7,22-03-2025,3,Credit Card,Active,Not Applicable,-20,7.7,122,0,01-12-2024,At Risk User,01-12-2024
U0119,08-02-2025,Enterprise,7.3,08-06-2025,4,Credit Card,Active,Not Applicable,0,5.5,44,0,01-02-2025,Other Active User,01-02-2025
U0120,07-10-2023,Premium,6.5,21-10-2023,0,Debit Card,Active,Not Applicable,60,21.8,640,0,01-10-2023,At Risk User,01-10-2023
U0121,23-04-2024,Premium,6.6,10-09-2024,1,Credit Card,Active,Not Applicable,10,15.2,315,0,01-04-2024,At Risk User,01-04-2024
U0122,01-12-2023,Basic,3.2,08-01-2025,1,PayPal,Active,Not Applicable,-90,20,195,0,01-12-2023,At Risk User,01-12-2023
U0123,03-04-2024,Premium,7.8,16-02-2025,0,Debit Card,Active,Not Applicable,-20,15.8,156,0,01-04-2024,At Risk User,01-04-2024
U0124,16-08-2023,Basic,2.2,28-07-2024,2,PayPal,Active,Not Applicable,-90,23.5,359,0,01-08-2023,At Risk User,01-08-2023
U0125,28-05-2024,Premium,6.2,25-03-2025,2,Credit Card,Active,Not Applicable,80,14,119,0,01-05-2024,At Risk User,01-05-2024
U0126,07-11-2024,Basic,9.4,11-03-2025,2,Credit Card,Active,Not Applicable,100,8.6,133,0,01-11-2024,Power User,01-11-2024
U0127,12-10-2023,Basic,3,13-12-2023,2,Credit Card,Active,Not Applicable,-60,21.6,587,0,01-10-2023,At Risk User,01-10-2023
U0128,02-04-2025,Premium,3.9,19-06-2025,4,Credit Card,Active,Not Applicable,-80,3.7,33,0,01-04-2025,Other Active User,01-04-2025
U0129,07-09-2024,Basic,5.2,18-04-2025,1,PayPal,Cancelled,Technical Issues,90,10.6,95,1,01-09-2024,Churned User,01-09-2024
U0130,16-12-2023,Premium,4,12-07-2024,3,UPI,Cancelled,Too Expensive,60,19.5,375,1,01-12-2023,Churned User,01-12-2023
U0131,08-12-2023,Basic,1.9,27-03-2025,0,Credit Card,Active,Not Applicable,-30,19.7,117,0,01-12-2023,At Risk User,01-12-2023
U0132,11-11-2023,Premium,5.1,25-06-2025,4,UPI,Active,Not Applicable,-60,20.6,27,0,01-11-2023,Other Active User,01-11-2023
U0133,24-06-2025,Basic,2.9,07-07-2025,1,Debit Card,Active,Not Applicable,80,0.9,15,0,01-06-2025,At Risk User,01-06-2025
U0134,19-08-2024,Basic,5.9,29-08-2024,2,Credit Card,Active,Not Applicable,0,11.2,327,0,01-08-2024,At Risk User,01-08-2024
U0135,14-03-2024,Basic,3.2,14-06-2025,2,PayPal,Active,Not Applicable,-60,16.5,38,0,01-03-2024,Other Active User,01-03-2024
U0136,29-03-2025,Premium,8.1,03-04-2025,2,Debit Card,Active,Not Applicable,-90,3.8,110,0,01-03-2025,At Risk User,01-03-2025
U0137,07-05-2024,Basic,3.4,06-06-2025,0,Debit Card,Cancelled,Too Expensive,40,14.7,46,1,01-05-2024,Churned User,01-05-2024
U0138,22-01-2024,Enterprise,4.4,04-03-2024,3,Credit Card,Active,Not Applicable,-20,18.2,505,0,01-01-2024,At Risk User,01-01-2024
U0139,07-08-2023,Basic,6.6,22-03-2024,3,UPI,Cancelled,No Longer Needed,20,23.8,487,1,01-08-2023,Churned User,01-08-2023
U0140,05-04-2024,Premium,2.5,10-04-2024,4,Debit Card,Active,Not Applicable,80,15.8,468,0,01-04-2024,At Risk User,01-04-2024
U0141,17-04-2025,Premium,5.5,08-07-2025,2,Debit Card,Active,Not Applicable,-90,3.2,14,0,01-04-2025,Other Active User,01-04-2025
U0142,13-08-2024,Basic,7.6,23-12-2024,3,PayPal,Active,Not Applicable,70,11.4,211,0,01-08-2024,At Risk User,01-08-2024
U0143,27-07-2023,Basic,1.8,31-03-2025,1,PayPal,Active,Not Applicable,100,24.2,113,0,01-07-2023,At Risk User,01-07-2023
U0144,20-10-2024,Premium,5.4,23-11-2024,2,Credit Card,Active,Not Applicable,-80,9.2,241,0,01-10-2024,At Risk User,01-10-2024
U0145,27-07-2023,Premium,5.5,15-02-2025,4,PayPal,Active,Not Applicable,-20,24.2,157,0,01-07-2023,At Risk User,01-07-2023
U0146,31-10-2024,Premium,6.6,15-11-2024,3,UPI,Active,Not Applicable,70,8.8,249,0,01-10-2024,At Risk User,01-10-2024
U0147,13-01-2025,Basic,2.5,24-01-2025,0,Credit Card,Active,Not Applicable,80,6.3,179,0,01-01-2025,At Risk User,01-01-2025
U0148,26-07-2024,Basic,2.4,11-08-2024,4,Debit Card,Active,Not Applicable,40,12,345,0,01-07-2024,At Risk User,01-07-2024
U0149,30-01-2024,Enterprise,6,14-07-2025,1,Credit Card,Active,Not Applicable,-100,18,8,0,01-01-2024,Other Active User,01-01-2024
U0150,16-12-2023,Basic,5.6,31-01-2025,2,PayPal,Cancelled,Switched to Competitor,30,19.5,172,1,01-12-2023,Churned User,01-12-2023
U0151,05-07-2025,Basic,5.5,15-07-2025,0,Debit Card,Active,Not Applicable,20,0.6,7,0,01-07-2025,Other Active User,01-07-2025
U0152,22-06-2025,Basic,5.7,22-07-2025,0,PayPal,Active,Not Applicable,90,1,0,0,01-06-2025,Other Active User,01-06-2025
U0153,04-02-2025,Basic,3.6,31-03-2025,0,Debit Card,Active,Not Applicable,20,5.6,113,0,01-02-2025,At Risk User,01-02-2025
U0154,19-11-2023,Basic,5.5,01-03-2024,4,Credit Card,Active,Not Applicable,-100,20.4,508,0,01-11-2023,At Risk User,01-11-2023
U0155,02-12-2023,Premium,5.6,19-08-2024,2,UPI,Active,Not Applicable,-90,19.9,337,0,01-12-2023,At Risk User,01-12-2023
U0156,24-02-2024,Basic,3.6,18-11-2024,4,Debit Card,Active,Not Applicable,80,17.1,246,0,01-02-2024,At Risk User,01-02-2024
U0157,04-10-2024,Basic,8.7,14-12-2024,2,Debit Card,Active,Not Applicable,10,9.7,220,0,01-10-2024,Power User,01-10-2024
U0158,10-12-2023,Premium,5.9,24-04-2025,0,Credit Card,Active,Not Applicable,-60,19.7,89,0,01-12-2023,At Risk User,01-12-2023
U0159,24-03-2024,Basic,2.6,05-10-2024,1,Credit Card,Active,Not Applicable,10,16.2,290,0,01-03-2024,At Risk User,01-03-2024
U0160,05-04-2025,Enterprise,6.3,16-07-2025,4,UPI,Cancelled,Lack of Use,-90,3.6,6,1,01-04-2025,Churned User,01-04-2025
U0161,16-09-2023,Basic,3.1,09-08-2024,0,Debit Card,Active,Not Applicable,-30,22.5,347,0,01-09-2023,At Risk User,01-09-2023
U0162,07-04-2025,Premium,6.6,04-05-2025,0,PayPal,Active,Not Applicable,30,3.5,79,0,01-04-2025,At Risk User,01-04-2025
U0163,18-09-2023,Basic,7.3,20-04-2025,3,PayPal,Active,Not Applicable,-10,22.4,93,0,01-09-2023,At Risk User,01-09-2023
U0164,02-01-2024,Basic,3.4,27-03-2025,1,Credit Card,Active,Not Applicable,20,18.9,117,0,01-01-2024,At Risk User,01-01-2024
U0165,30-12-2024,Basic,6.9,26-02-2025,1,Debit Card,Cancelled,Too Expensive,20,6.8,146,1,01-12-2024,Churned User,01-12-2024
U0166,30-03-2025,Premium,5.8,20-04-2025,2,Debit Card,Cancelled,Technical Issues,-60,3.8,93,1,01-03-2025,Churned User,01-03-2025
U0167,07-01-2024,Premium,6.6,30-08-2024,3,PayPal,Active,Not Applicable,60,18.7,326,0,01-01-2024,At Risk User,01-01-2024
U0168,17-03-2024,Enterprise,8.8,16-05-2025,4,UPI,Active,Not Applicable,-30,16.4,67,0,01-03-2024,Power User,01-03-2024
U0169,18-02-2025,Basic,4.5,13-03-2025,1,Credit Card,Active,Not Applicable,-20,5.1,131,0,01-02-2025,At Risk User,01-02-2025
U0170,12-05-2024,Enterprise,3.5,14-10-2024,0,Credit Card,Active,Not Applicable,10,14.5,281,0,01-05-2024,At Risk User,01-05-2024
U0171,04-07-2024,Basic,3.2,05-10-2024,1,PayPal,Active,Not Applicable,10,12.8,290,0,01-07-2024,At Risk User,01-07-2024
U0172,14-12-2024,Basic,3.4,13-05-2025,4,UPI,Active,Not Applicable,-80,7.3,70,0,01-12-2024,At Risk User,01-12-2024
U0173,08-09-2024,Premium,4.8,22-03-2025,3,Credit Card,Active,Not Applicable,60,10.6,122,0,01-09-2024,At Risk User,01-09-2024
U0174,24-03-2025,Basic,5.7,13-06-2025,0,PayPal,Active,Not Applicable,10,4,39,0,01-03-2025,Other Active User,01-03-2025
U0175,26-03-2025,Basic,5.6,12-04-2025,2,UPI,Active,Not Applicable,20,3.9,101,0,01-03-2025,At Risk User,01-03-2025
U0176,23-11-2024,Premium,6.7,22-06-2025,0,PayPal,Cancelled,Too Expensive,-20,8,30,1,01-11-2024,Churned User,01-11-2024
U0177,26-08-2023,Premium,5,03-04-2024,0,PayPal,Active,Not Applicable,-70,23.2,475,0,01-08-2023,At Risk User,01-08-2023
U0178,07-04-2025,Basic,7.9,03-07-2025,1,PayPal,Cancelled,Too Expensive,10,3.5,19,1,01-04-2025,Churned User,01-04-2025
U0179,06-08-2024,Basic,4.5,10-12-2024,0,Credit Card,Cancelled,Lack of Use,40,11.7,224,1,01-08-2024,Churned User,01-08-2024
U0180,07-03-2024,Basic,10.4,15-11-2024,1,UPI,Active,Not Applicable,20,16.7,249,0,01-03-2024,Power User,01-03-2024
U0181,19-11-2024,Basic,6.3,05-01-2025,4,Debit Card,Cancelled,Lack of Use,10,8.2,198,1,01-11-2024,Churned User,01-11-2024
U0182,27-01-2024,Enterprise,3.3,24-12-2024,1,PayPal,Cancelled,No Longer Needed,30,18.1,210,1,01-01-2024,Churned User,01-01-2024
U0183,19-05-2024,Premium,2.9,29-06-2024,1,Debit Card,Active,Not Applicable,-20,14.3,388,0,01-05-2024,At Risk User,01-05-2024
U0184,06-09-2024,Premium,6,30-12-2024,0,Debit Card,Active,Not Applicable,-80,10.6,204,0,01-09-2024,At Risk User,01-09-2024
U0185,23-05-2025,Basic,4.6,10-07-2025,3,UPI,Active,Not Applicable,-60,2,12,0,01-05-2025,Other Active User,01-05-2025
U0186,03-03-2024,Basic,6.4,28-06-2025,2,Debit Card,Active,Not Applicable,-70,16.9,24,0,01-03-2024,Other Active User,01-03-2024
U0187,18-11-2023,Enterprise,5.9,05-09-2024,0,Debit Card,Active,Not Applicable,-40,20.4,320,0,01-11-2023,At Risk User,01-11-2023
U0188,07-01-2025,Basic,4.9,18-04-2025,2,PayPal,Active,Not Applicable,40,6.5,95,0,01-01-2025,At Risk User,01-01-2025
U0189,15-02-2025,Basic,3.3,29-05-2025,1,PayPal,Cancelled,Too Expensive,80,5.2,54,1,01-02-2025,Churned User,01-02-2025
U0190,28-04-2025,Enterprise,2,13-07-2025,0,PayPal,Cancelled,Technical Issues,-100,2.8,9,1,01-04-2025,Churned User,01-04-2025
U0191,08-12-2024,Basic,4.1,08-04-2025,4,PayPal,Active,Not Applicable,-90,7.5,105,0,01-12-2024,At Risk User,01-12-2024
U0192,21-08-2024,Basic,6.7,15-02-2025,4,Credit Card,Active,Not Applicable,-30,11.2,157,0,01-08-2024,At Risk User,01-08-2024
U0193,26-05-2024,Premium,5.4,09-08-2024,1,PayPal,Cancelled,No Longer Needed,0,14.1,347,1,01-05-2024,Churned User,01-05-2024
U0194,29-08-2024,Basic,2.5,13-10-2024,3,Credit Card,Cancelled,Technical Issues,0,10.9,282,1,01-08-2024,Churned User,01-08-2024
U0195,20-08-2024,Basic,5.3,07-04-2025,4,Debit Card,Active,Not Applicable,-90,11.2,106,0,01-08-2024,At Risk User,01-08-2024
U0196,23-12-2024,Basic,5.8,04-03-2025,0,Debit Card,Cancelled,Too Expensive,70,7,140,1,01-12-2024,Churned User,01-12-2024
U0197,19-09-2024,Basic,3.2,18-04-2025,4,Credit Card,Cancelled,Lack of Use,80,10.2,95,1,01-09-2024,Churned User,01-09-2024
U0198,20-03-2024,Basic,5.3,02-01-2025,0,PayPal,Active,Not Applicable,50,16.3,201,0,01-03-2024,At Risk User,01-03-2024
U0199,11-02-2024,Basic,5.1,27-01-2025,3,UPI,Active,Not Applicable,90,17.6,176,0,01-02-2024,At Risk User,01-02-2024
U0200,23-01-2025,Basic,2.7,20-07-2025,3,Credit Card,Cancelled,No Longer Needed,-70,6,2,1,01-01-2025,Churned User,01-01-2025
U0201,29-04-2024,Premium,5.7,09-02-2025,3,UPI,Cancelled,No Longer Needed,-60,15,163,1,01-04-2024,Churned User,01-04-2024
U0202,14-12-2024,Premium,6.1,17-07-2025,0,Credit Card,Active,Not Applicable,-100,7.3,5,0,01-12-2024,Other Active User,01-12-2024
U0203,16-09-2024,Basic,7.2,24-12-2024,1,UPI,Active,Not Applicable,-20,10.3,210,0,01-09-2024,At Risk User,01-09-2024
U0204,23-05-2024,Basic,7.1,05-11-2024,3,Credit Card,Active,Not Applicable,-30,14.2,259,0,01-05-2024,At Risk User,01-05-2024
U0205,02-12-2024,Basic,2.2,17-06-2025,0,Credit Card,Active,Not Applicable,70,7.7,35,0,01-12-2024,At Risk User,01-12-2024
U0206,31-07-2024,Basic,3.1,31-03-2025,4,PayPal,Active,Not Applicable,80,11.9,113,0,01-07-2024,At Risk User,01-07-2024
U0207,27-01-2025,Basic,6,08-05-2025,4,Credit Card,Cancelled,Switched to Competitor,70,5.9,75,1,01-01-2025,Churned User,01-01-2025
U0208,23-02-2025,Basic,6,06-06-2025,1,Credit Card,Active,Not Applicable,60,5,46,0,01-02-2025,Other Active User,01-02-2025
U0209,20-05-2025,Basic,6,15-06-2025,0,UPI,Active,Not Applicable,100,2.1,37,0,01-05-2025,Other Active User,01-05-2025
U0210,29-01-2025,Basic,12.7,08-07-2025,4,Debit Card,Active,Not Applicable,-10,5.8,14,0,01-01-2025,Other Active User,01-01-2025
U0211,03-06-2025,Premium,6.1,07-07-2025,4,UPI,Active,Not Applicable,-30,1.6,15,0,01-06-2025,Other Active User,01-06-2025
U0212,31-05-2025,Premium,7.3,12-07-2025,3,Credit Card,Cancelled,Technical Issues,60,1.7,10,1,01-05-2025,Churned User,01-05-2025
U0213,25-05-2024,Premium,6.9,01-06-2024,0,UPI,Active,Not Applicable,-20,14.1,416,0,01-05-2024,At Risk User,01-05-2024
U0214,05-09-2024,Basic,6.3,25-03-2025,1,UPI,Active,Not Applicable,90,10.7,119,0,01-09-2024,At Risk User,01-09-2024
U0215,09-10-2023,Basic,4.4,02-05-2025,1,UPI,Cancelled,No Longer Needed,90,21.7,81,1,01-10-2023,Churned User,01-10-2023
U0216,22-03-2024,Premium,6.5,25-10-2024,3,Credit Card,Active,Not Applicable,60,16.2,270,0,01-03-2024,At Risk User,01-03-2024
U0217,09-10-2024,Basic,3.5,24-04-2025,0,PayPal,Active,Not Applicable,20,9.5,89,0,01-10-2024,At Risk User,01-10-2024
U0218,09-02-2025,Premium,4.5,19-03-2025,4,Credit Card,Active,Not Applicable,0,5.4,125,0,01-02-2025,At Risk User,01-02-2025
U0219,14-09-2024,Premium,4,09-11-2024,1,Credit Card,Active,Not Applicable,-50,10.4,255,0,01-09-2024,At Risk User,01-09-2024
U0220,01-01-2024,Premium,5.2,05-05-2025,2,PayPal,Active,Not Applicable,60,18.9,78,0,01-01-2024,At Risk User,01-01-2024
U0221,09-08-2023,Basic,9.6,17-10-2024,4,Debit Card,Active,Not Applicable,-80,23.8,278,0,01-08-2023,Power User,01-08-2023
U0222,19-11-2023,Premium,1.3,19-05-2025,3,UPI,Active,Not Applicable,-60,20.4,64,0,01-11-2023,At Risk User,01-11-2023
U0223,21-12-2023,Premium,6.4,06-06-2024,0,Credit Card,Cancelled,No Longer Needed,10,19.3,411,1,01-12-2023,Churned User,01-12-2023
U0224,18-05-2024,Basic,1.8,18-11-2024,0,UPI,Cancelled,Too Expensive,40,14.3,246,1,01-05-2024,Churned User,01-05-2024
U0225,30-12-2023,Basic,4.1,01-10-2024,0,Debit Card,Active,Not Applicable,90,19,294,0,01-12-2023,At Risk User,01-12-2023
U0226,27-04-2024,Basic,7.2,24-11-2024,1,Credit Card,Active,Not Applicable,40,15,240,0,01-04-2024,At Risk User,01-04-2024
U0227,31-07-2023,Premium,5.1,04-08-2024,4,Debit Card,Active,Not Applicable,20,24.1,352,0,01-07-2023,At Risk User,01-07-2023
U0228,29-03-2025,Premium,2.8,10-05-2025,3,PayPal,Active,Not Applicable,-40,3.8,73,0,01-03-2025,At Risk User,01-03-2025
U0229,15-07-2025,Basic,3.6,18-07-2025,4,PayPal,Active,Not Applicable,-80,0.2,4,0,01-07-2025,Other Active User,01-07-2025
U0230,18-07-2025,Basic,6.4,21-07-2025,4,Credit Card,Active,Not Applicable,-50,0.1,1,0,01-07-2025,Other Active User,01-07-2025
U0231,31-01-2024,Basic,3.5,23-02-2025,1,Debit Card,Active,Not Applicable,-30,17.9,149,0,01-01-2024,At Risk User,01-01-2024
U0232,07-08-2024,Basic,5.4,17-03-2025,3,Debit Card,Active,Not Applicable,-70,11.6,127,0,01-08-2024,At Risk User,01-08-2024
U0233,03-04-2025,Premium,5.1,07-05-2025,0,Debit Card,Active,Not Applicable,-60,3.7,76,0,01-04-2025,At Risk User,01-04-2025
U0234,19-05-2025,Basic,3.7,07-07-2025,4,Credit Card,Active,Not Applicable,70,2.1,15,0,01-05-2025,Other Active User,01-05-2025
U0235,31-08-2024,Premium,9.3,17-06-2025,4,Credit Card,Cancelled,No Longer Needed,-10,10.8,35,1,01-08-2024,Churned User,01-08-2024
U0236,23-03-2025,Enterprise,6.3,13-05-2025,2,UPI,Cancelled,No Longer Needed,-50,4,70,1,01-03-2025,Churned User,01-03-2025
U0237,21-08-2023,Basic,0.9,01-03-2025,2,Credit Card,Active,Not Applicable,-20,23.4,143,0,01-08-2023,At Risk User,01-08-2023
U0238,30-12-2024,Basic,5.4,16-06-2025,0,UPI,Cancelled,No Longer Needed,70,6.8,36,1,01-12-2024,Churned User,01-12-2024
U0239,08-02-2025,Basic,3.7,29-06-2025,1,Debit Card,Active,Not Applicable,100,5.5,23,0,01-02-2025,Other Active User,01-02-2025
U0240,04-10-2024,Basic,6.7,03-03-2025,4,Credit Card,Active,Not Applicable,-90,9.7,141,0,01-10-2024,At Risk User,01-10-2024
U0241,20-02-2024,Premium,3.4,18-04-2024,2,UPI,Active,Not Applicable,-90,17.3,460,0,01-02-2024,At Risk User,01-02-2024
U0242,01-01-2025,Premium,4.8,15-03-2025,1,PayPal,Active,Not Applicable,20,6.7,129,0,01-01-2025,At Risk User,01-01-2025
U0243,07-12-2023,Basic,6,16-03-2024,0,PayPal,Active,Not Applicable,-10,19.8,493,0,01-12-2023,At Risk User,01-12-2023
U0244,25-12-2024,Premium,6.7,04-06-2025,3,Debit Card,Active,Not Applicable,20,7,48,0,01-12-2024,Other Active User,01-12-2024
U0245,09-08-2024,Basic,2.6,17-03-2025,0,Debit Card,Active,Not Applicable,100,11.6,127,0,01-08-2024,At Risk User,01-08-2024
U0246,27-11-2024,Enterprise,4.3,01-01-2025,1,UPI,Active,Not Applicable,-100,7.9,202,0,01-11-2024,At Risk User,01-11-2024
U0247,17-10-2023,Premium,4.1,22-02-2025,1,Debit Card,Cancelled,Technical Issues,-20,21.5,150,1,01-10-2023,Churned User,01-10-2023
U0248,24-09-2024,Premium,3.7,25-09-2024,0,UPI,Active,Not Applicable,0,10,300,0,01-09-2024,At Risk User,01-09-2024
U0249,06-03-2024,Basic,8.5,01-05-2024,1,PayPal,Active,Not Applicable,-20,16.8,447,0,01-03-2024,Power User,01-03-2024
U0250,28-11-2024,Premium,5.8,04-01-2025,3,UPI,Active,Not Applicable,40,7.9,199,0,01-11-2024,At Risk User,01-11-2024
U0251,12-07-2025,Premium,2.5,16-07-2025,1,Credit Card,Active,Not Applicable,-100,0.3,6,0,01-07-2025,At Risk User,01-07-2025
U0252,10-07-2025,Premium,6.8,11-07-2025,0,Credit Card,Active,Not Applicable,-100,0.4,11,0,01-07-2025,Other Active User,01-07-2025
U0253,19-09-2024,Basic,9.2,26-11-2024,3,PayPal,Active,Not Applicable,-30,10.2,238,0,01-09-2024,Power User,01-09-2024
U0254,15-12-2023,Basic,7.1,21-05-2025,4,Debit Card,Active,Not Applicable,50,19.5,62,0,01-12-2023,At Risk User,01-12-2023
U0255,29-08-2024,Enterprise,2,12-12-2024,1,Debit Card,Active,Not Applicable,40,10.9,222,0,01-08-2024,At Risk User,01-08-2024
U0256,07-09-2024,Premium,4,22-01-2025,1,Credit Card,Active,Not Applicable,60,10.6,181,0,01-09-2024,At Risk User,01-09-2024
U0257,30-11-2023,Premium,7.5,29-04-2025,4,Credit Card,Cancelled,Too Expensive,60,20,84,1,01-11-2023,Churned User,01-11-2023
U0258,15-01-2025,Basic,3.6,14-07-2025,3,Debit Card,Cancelled,Technical Issues,-70,6.3,8,1,01-01-2025,Churned User,01-01-2025
U0259,08-07-2024,Premium,5.9,07-06-2025,0,UPI,Active,Not Applicable,-10,12.6,45,0,01-07-2024,Other Active User,01-07-2024
U0260,04-04-2025,Basic,6.5,10-05-2025,1,PayPal,Cancelled,Lack of Use,80,3.6,73,1,01-04-2025,Churned User,01-04-2025
U0261,06-05-2025,Basic,3.1,12-06-2025,1,PayPal,Active,Not Applicable,0,2.6,40,0,01-05-2025,Other Active User,01-05-2025
U0262,31-08-2023,Basic,4.9,30-08-2024,4,Credit Card,Active,Not Applicable,-90,23,326,0,01-08-2023,At Risk User,01-08-2023
U0263,10-11-2023,Enterprise,0,14-11-2023,4,PayPal,Active,Not Applicable,90,20.7,616,0,01-11-2023,At Risk User,01-11-2023
U0264,07-01-2025,Premium,3,24-03-2025,1,UPI,Cancelled,Switched to Competitor,-20,6.5,120,1,01-01-2025,Churned User,01-01-2025
U0265,13-04-2025,Premium,4.5,22-04-2025,1,PayPal,Cancelled,Technical Issues,-40,3.3,91,1,01-04-2025,Churned User,01-04-2025
U0266,27-02-2025,Enterprise,2.5,18-06-2025,0,UPI,Active,Not Applicable,20,4.8,34,0,01-02-2025,At Risk User,01-02-2025
U0267,12-03-2024,Premium,8.3,10-07-2024,3,Credit Card,Active,Not Applicable,10,16.6,377,0,01-03-2024,Power User,01-03-2024
U0268,19-09-2023,Premium,2.1,16-02-2025,3,UPI,Cancelled,No Longer Needed,30,22.4,156,1,01-09-2023,Churned User,01-09-2023
U0269,28-08-2024,Enterprise,4.1,18-10-2024,0,UPI,Active,Not Applicable,0,10.9,277,0,01-08-2024,At Risk User,01-08-2024
U0270,04-03-2025,Premium,5.3,13-04-2025,1,PayPal,Cancelled,Switched to Competitor,-90,4.7,100,1,01-03-2025,Churned User,01-03-2025
U0271,11-01-2024,Basic,7.9,10-11-2024,3,Debit Card,Active,Not Applicable,50,18.6,254,0,01-01-2024,At Risk User,01-01-2024
U0272,24-03-2025,Basic,2.1,25-03-2025,0,PayPal,Active,Not Applicable,70,4,119,0,01-03-2025,At Risk User,01-03-2025
U0273,14-10-2023,Basic,7.3,18-01-2024,3,PayPal,Active,Not Applicable,-20,21.6,551,0,01-10-2023,At Risk User,01-10-2023
U0274,25-06-2025,Premium,5,27-06-2025,1,UPI,Cancelled,Lack of Use,30,0.9,25,1,01-06-2025,Churned User,01-06-2025
U0275,30-08-2024,Basic,3,19-04-2025,0,UPI,Active,Not Applicable,-10,10.9,94,0,01-08-2024,At Risk User,01-08-2024
U0276,17-02-2025,Basic,5.9,14-06-2025,4,UPI,Active,Not Applicable,20,5.2,38,0,01-02-2025,Other Active User,01-02-2025
U0277,18-09-2023,Basic,5.4,28-01-2025,2,UPI,Cancelled,Lack of Use,-90,22.4,175,1,01-09-2023,Churned User,01-09-2023
U0278,31-07-2024,Enterprise,3.8,02-09-2024,1,PayPal,Active,Not Applicable,-10,11.9,323,0,01-07-2024,At Risk User,01-07-2024
U0279,31-05-2025,Basic,5.1,16-07-2025,1,PayPal,Active,Not Applicable,-10,1.7,6,0,01-05-2025,Other Active User,01-05-2025
U0280,07-10-2024,Basic,4.2,17-07-2025,3,UPI,Active,Not Applicable,30,9.6,5,0,01-10-2024,Other Active User,01-10-2024
U0281,14-06-2025,Premium,5.2,19-07-2025,2,UPI,Active,Not Applicable,-60,1.3,3,0,01-06-2025,Other Active User,01-06-2025
U0282,05-07-2025,Basic,6.3,16-07-2025,3,UPI,Active,Not Applicable,-100,0.6,6,0,01-07-2025,Other Active User,01-07-2025
U0283,28-09-2024,Premium,8.2,09-01-2025,1,Credit Card,Active,Not Applicable,0,9.9,194,0,01-09-2024,Power User,01-09-2024
U0284,17-12-2023,Basic,2.5,09-07-2025,3,UPI,Active,Not Applicable,90,19.4,13,0,01-12-2023,At Risk User,01-12-2023
U0285,20-06-2024,Premium,9.3,26-12-2024,0,Debit Card,Cancelled,Technical Issues,100,13.2,208,1,01-06-2024,Churned User,01-06-2024
U0286,27-04-2024,Basic,1.1,09-05-2025,2,UPI,Active,Not Applicable,-90,15,74,0,01-04-2024,At Risk User,01-04-2024
U0287,04-07-2024,Basic,4.7,30-04-2025,2,Debit Card,Active,Not Applicable,40,12.8,83,0,01-07-2024,At Risk User,01-07-2024
U0288,26-10-2024,Premium,6.2,19-06-2025,3,Debit Card,Cancelled,No Longer Needed,0,9,33,1,01-10-2024,Churned User,01-10-2024
U0289,01-01-2025,Premium,5.6,13-01-2025,4,UPI,Cancelled,Lack of Use,-70,6.7,190,1,01-01-2025,Churned User,01-01-2025
U0290,05-02-2025,Basic,3.8,12-02-2025,0,Credit Card,Active,Not Applicable,50,5.6,160,0,01-02-2025,At Risk User,01-02-2025
U0291,02-10-2023,Premium,4.6,11-05-2025,2,Debit Card,Active,Not Applicable,-10,22,72,0,01-10-2023,At Risk User,01-10-2023
U0292,15-06-2024,Basic,4,16-05-2025,0,UPI,Cancelled,No Longer Needed,-70,13.4,67,1,01-06-2024,Churned User,01-06-2024
U0293,20-08-2024,Basic,3.8,06-01-2025,2,Credit Card,Active,Not Applicable,-50,11.2,197,0,01-08-2024,At Risk User,01-08-2024
U0294,25-05-2024,Basic,6.7,23-05-2025,0,Debit Card,Cancelled,Lack of Use,-40,14.1,60,1,01-05-2024,Churned User,01-05-2024
U0295,25-04-2024,Basic,5.7,31-05-2025,4,Credit Card,Cancelled,No Longer Needed,60,15.1,52,1,01-04-2024,Churned User,01-04-2024
U0296,14-06-2024,Basic,3.6,07-10-2024,2,Credit Card,Cancelled,Too Expensive,60,13.4,288,1,01-06-2024,Churned User,01-06-2024
U0297,20-11-2024,Basic,6.8,08-12-2024,3,Credit Card,Active,Not Applicable,70,8.1,226,0,01-11-2024,At Risk User,01-11-2024
U0298,02-05-2024,Basic,5.6,08-05-2024,3,PayPal,Active,Not Applicable,-10,14.9,440,0,01-05-2024,At Risk User,01-05-2024
U0299,11-05-2024,Basic,6.6,09-11-2024,3,PayPal,Active,Not Applicable,-70,14.6,255,0,01-05-2024,At Risk User,01-05-2024
U0300,19-08-2024,Basic,6.3,17-02-2025,3,Credit Card,Active,Not Applicable,60,11.2,155,0,01-08-2024,At Risk User,01-08-2024
U0301,15-06-2025,Premium,3.3,01-07-2025,3,PayPal,Cancelled,Lack of Use,100,1.2,21,1,01-06-2025,Churned User,01-06-2025
U0302,03-02-2025,Premium,3.9,22-05-2025,2,Credit Card,Active,Not Applicable,30,5.6,61,0,01-02-2025,At Risk User,01-02-2025
U0303,14-10-2024,Basic,6.5,19-06-2025,3,Debit Card,Active,Not Applicable,-90,9.4,33,0,01-10-2024,Other Active User,01-10-2024
U0304,17-09-2024,Premium,6.2,12-03-2025,1,Credit Card,Active,Not Applicable,-100,10.3,132,0,01-09-2024,At Risk User,01-09-2024
U0305,18-11-2023,Enterprise,5,15-03-2025,0,Credit Card,Active,Not Applicable,-100,20.4,129,0,01-11-2023,At Risk User,01-11-2023
U0306,31-12-2023,Premium,5.2,08-01-2025,3,UPI,Active,Not Applicable,-50,19,195,0,01-12-2023,At Risk User,01-12-2023
U0307,17-04-2024,Premium,7.6,27-05-2024,0,Debit Card,Active,Not Applicable,-70,15.4,421,0,01-04-2024,At Risk User,01-04-2024
U0308,17-10-2024,Premium,3.8,14-02-2025,4,PayPal,Cancelled,Too Expensive,20,9.3,158,1,01-10-2024,Churned User,01-10-2024
U0309,07-04-2025,Basic,6.1,19-07-2025,4,Debit Card,Active,Not Applicable,0,3.5,3,0,01-04-2025,Other Active User,01-04-2025
U0310,18-07-2025,Premium,4.6,21-07-2025,0,PayPal,Active,Not Applicable,-70,0.1,1,0,01-07-2025,Other Active User,01-07-2025
U0311,02-08-2023,Premium,4.6,20-09-2023,0,Credit Card,Active,Not Applicable,-70,24,671,0,01-08-2023,At Risk User,01-08-2023
U0312,01-04-2025,Basic,7.2,21-07-2025,0,Credit Card,Active,Not Applicable,-10,3.7,1,0,01-04-2025,Other Active User,01-04-2025
U0313,26-03-2025,Basic,6.7,12-05-2025,4,Credit Card,Active,Not Applicable,-60,3.9,71,0,01-03-2025,At Risk User,01-03-2025
U0314,29-12-2024,Premium,6.6,25-04-2025,3,Credit Card,Active,Not Applicable,40,6.8,88,0,01-12-2024,At Risk User,01-12-2024
U0315,13-07-2025,Premium,7.6,16-07-2025,2,Debit Card,Active,Not Applicable,10,0.3,6,0,01-07-2025,Other Active User,01-07-2025
U0316,27-05-2024,Basic,5,20-06-2024,4,Debit Card,Active,Not Applicable,60,14,397,0,01-05-2024,At Risk User,01-05-2024
U0317,14-12-2023,Premium,6.4,24-05-2024,4,Debit Card,Active,Not Applicable,-50,19.5,424,0,01-12-2023,At Risk User,01-12-2023
U0318,07-08-2024,Basic,4.4,09-02-2025,0,Debit Card,Active,Not Applicable,-20,11.6,163,0,01-08-2024,At Risk User,01-08-2024
U0319,23-03-2024,Premium,5.6,18-06-2024,2,UPI,Active,Not Applicable,10,16.2,399,0,01-03-2024,At Risk User,01-03-2024
U0320,03-09-2024,Basic,4.7,10-10-2024,4,PayPal,Active,Not Applicable,90,10.7,285,0,01-09-2024,At Risk User,01-09-2024
U0321,20-01-2024,Basic,5.2,19-05-2025,0,Credit Card,Cancelled,No Longer Needed,20,18.3,64,1,01-01-2024,Churned User,01-01-2024
U0322,05-08-2023,Basic,6.2,20-04-2024,1,UPI,Active,Not Applicable,-40,23.9,458,0,01-08-2023,At Risk User,01-08-2023
U0323,29-03-2024,Premium,3.4,29-11-2024,1,Debit Card,Cancelled,Too Expensive,-60,16,235,1,01-03-2024,Churned User,01-03-2024
U0324,21-07-2024,Premium,9.2,20-10-2024,3,Debit Card,Cancelled,No Longer Needed,-20,12.2,275,1,01-07-2024,Churned User,01-07-2024
U0325,31-03-2025,Basic,3,05-07-2025,4,PayPal,Cancelled,No Longer Needed,-90,3.8,17,1,01-03-2025,Churned User,01-03-2025
U0326,27-06-2024,Basic,2.6,12-06-2025,0,UPI,Cancelled,Technical Issues,60,13,40,1,01-06-2024,Churned User,01-06-2024
U0327,12-04-2024,Premium,7.3,19-06-2025,0,Credit Card,Active,Not Applicable,-80,15.5,33,0,01-04-2024,Other Active User,01-04-2024
U0328,29-12-2024,Basic,6.6,18-01-2025,2,Credit Card,Active,Not Applicable,20,6.8,185,0,01-12-2024,At Risk User,01-12-2024
U0329,28-04-2025,Basic,6.2,11-05-2025,3,UPI,Cancelled,No Longer Needed,50,2.8,72,1,01-04-2025,Churned User,01-04-2025
U0330,17-03-2025,Basic,6.3,22-04-2025,0,Debit Card,Active,Not Applicable,-20,4.2,91,0,01-03-2025,At Risk User,01-03-2025
U0331,18-03-2025,Basic,5,10-07-2025,0,Credit Card,Active,Not Applicable,-100,4.2,12,0,01-03-2025,Other Active User,01-03-2025
U0332,12-02-2025,Basic,3.2,21-05-2025,1,UPI,Active,Not Applicable,0,5.3,62,0,01-02-2025,At Risk User,01-02-2025
U0333,09-06-2025,Basic,5.2,16-07-2025,1,PayPal,Cancelled,Too Expensive,100,1.4,6,1,01-06-2025,Churned User,01-06-2025
U0334,27-07-2023,Premium,3.6,21-03-2025,4,UPI,Active,Not Applicable,-60,24.2,123,0,01-07-2023,At Risk User,01-07-2023
U0335,05-09-2023,Enterprise,7,22-01-2024,2,UPI,Active,Not Applicable,-70,22.9,547,0,01-09-2023,At Risk User,01-09-2023
U0336,09-07-2024,Premium,4.7,28-10-2024,0,Debit Card,Active,Not Applicable,30,12.6,267,0,01-07-2024,At Risk User,01-07-2024
U0337,01-06-2024,Premium,3.3,29-09-2024,3,Credit Card,Active,Not Applicable,-90,13.9,296,0,01-06-2024,At Risk User,01-06-2024
U0338,07-12-2024,Premium,4.4,29-03-2025,3,Credit Card,Active,Not Applicable,50,7.6,115,0,01-12-2024,At Risk User,01-12-2024
U0339,10-02-2024,Basic,5.8,16-09-2024,3,UPI,Cancelled,Lack of Use,-30,17.6,309,1,01-02-2024,Churned User,01-02-2024
U0340,27-02-2024,Basic,3.9,02-04-2024,2,Debit Card,Cancelled,Switched to Competitor,-100,17,476,1,01-02-2024,Churned User,01-02-2024
U0341,02-03-2025,Basic,3.4,13-07-2025,4,Debit Card,Active,Not Applicable,60,4.7,9,0,01-03-2025,Other Active User,01-03-2025
U0342,16-03-2025,Basic,5.5,12-04-2025,1,PayPal,Active,Not Applicable,-80,4.3,101,0,01-03-2025,At Risk User,01-03-2025
U0343,29-09-2023,Basic,5.5,03-02-2024,1,Debit Card,Active,Not Applicable,90,22.1,535,0,01-09-2023,At Risk User,01-09-2023
U0344,23-01-2024,Basic,4,10-07-2024,1,UPI,Active,Not Applicable,-100,18.2,377,0,01-01-2024,At Risk User,01-01-2024
U0345,15-09-2023,Basic,4.1,02-08-2024,2,PayPal,Active,Not Applicable,70,22.5,354,0,01-09-2023,At Risk User,01-09-2023
U0346,26-08-2024,Enterprise,5.5,13-02-2025,2,UPI,Active,Not Applicable,-10,11,159,0,01-08-2024,At Risk User,01-08-2024
U0347,18-10-2023,Premium,2.1,02-05-2024,3,PayPal,Active,Not Applicable,20,21.4,446,0,01-10-2023,At Risk User,01-10-2023
U0348,20-04-2024,Basic,2.2,11-09-2024,2,Debit Card,Active,Not Applicable,10,15.3,314,0,01-04-2024,At Risk User,01-04-2024
U0349,02-05-2024,Basic,3.6,18-10-2024,3,PayPal,Active,Not Applicable,60,14.9,277,0,01-05-2024,At Risk User,01-05-2024
U0350,30-07-2024,Premium,4.6,24-01-2025,0,PayPal,Active,Not Applicable,70,11.9,179,0,01-07-2024,At Risk User,01-07-2024
U0351,20-05-2024,Basic,5.6,07-08-2024,1,UPI,Cancelled,No Longer Needed,-60,14.3,349,1,01-05-2024,Churned User,01-05-2024
U0352,20-04-2024,Premium,8,24-03-2025,2,Debit Card,Active,Not Applicable,-100,15.3,120,0,01-04-2024,At Risk User,01-04-2024
U0353,19-05-2024,Basic,6.7,27-06-2025,2,PayPal,Cancelled,Too Expensive,50,14.3,25,1,01-05-2024,Churned User,01-05-2024
U0354,07-12-2024,Basic,4.7,31-12-2024,0,PayPal,Active,Not Applicable,-40,7.6,203,0,01-12-2024,At Risk User,01-12-2024
U0355,09-02-2024,Basic,5,13-04-2024,1,PayPal,Cancelled,Too Expensive,-80,17.6,465,1,01-02-2024,Churned User,01-02-2024
U0356,04-04-2024,Premium,3,27-02-2025,1,Debit Card,Active,Not Applicable,-100,15.8,145,0,01-04-2024,At Risk User,01-04-2024
U0357,15-10-2024,Basic,5,05-03-2025,3,Credit Card,Active,Not Applicable,-100,9.3,139,0,01-10-2024,At Risk User,01-10-2024
U0358,25-05-2025,Premium,4.4,05-06-2025,2,PayPal,Active,Not Applicable,100,1.9,47,0,01-05-2025,Other Active User,01-05-2025
U0359,11-07-2024,Premium,5.6,17-07-2025,0,UPI,Active,Not Applicable,40,12.5,5,0,01-07-2024,Other Active User,01-07-2024
U0360,19-12-2023,Basic,3.3,02-07-2025,1,Debit Card,Active,Not Applicable,60,19.4,20,0,01-12-2023,Other Active User,01-12-2023
U0361,06-07-2024,Premium,6,02-07-2025,1,PayPal,Active,Not Applicable,30,12.7,20,0,01-07-2024,Other Active User,01-07-2024
U0362,18-04-2025,Premium,8.1,28-06-2025,2,Credit Card,Active,Not Applicable,20,3.2,24,0,01-04-2025,Other Active User,01-04-2025
U0363,03-11-2023,Basic,4.8,02-12-2024,3,PayPal,Active,Not Applicable,-10,20.9,232,0,01-11-2023,At Risk User,01-11-2023
U0364,04-07-2024,Premium,5.8,15-07-2025,1,UPI,Cancelled,Switched to Competitor,10,12.8,7,1,01-07-2024,Churned User,01-07-2024
U0365,08-07-2025,Basic,6.4,08-07-2025,3,Credit Card,Active,Not Applicable,40,0.5,14,0,01-07-2025,Other Active User,01-07-2025
U0366,24-12-2023,Basic,4.2,27-07-2024,2,Credit Card,Active,Not Applicable,10,19.2,360,0,01-12-2023,At Risk User,01-12-2023
U0367,29-08-2024,Basic,5.4,12-01-2025,4,PayPal,Active,Not Applicable,-10,10.9,191,0,01-08-2024,At Risk User,01-08-2024
U0368,19-10-2023,Premium,5,30-03-2024,1,Debit Card,Active,Not Applicable,-60,21.4,479,0,01-10-2023,At Risk User,01-10-2023
U0369,11-04-2024,Basic,5.2,09-08-2024,2,Credit Card,Active,Not Applicable,-30,15.6,347,0,01-04-2024,At Risk User,01-04-2024
U0370,24-06-2024,Basic,3.5,30-05-2025,3,Credit Card,Active,Not Applicable,-40,13.1,53,0,01-06-2024,Other Active User,01-06-2024
U0371,25-11-2023,Premium,5,02-01-2024,2,UPI,Cancelled,Switched to Competitor,70,20.2,567,1,01-11-2023,Churned User,01-11-2023
U0372,29-11-2024,Basic,6,30-06-2025,2,Debit Card,Active,Not Applicable,40,7.8,22,0,01-11-2024,Other Active User,01-11-2024
U0373,05-03-2024,Basic,7.9,05-06-2025,3,Credit Card,Active,Not Applicable,-70,16.8,47,0,01-03-2024,Other Active User,01-03-2024
U0374,13-07-2024,Basic,6.9,25-09-2024,3,Credit Card,Active,Not Applicable,-10,12.5,300,0,01-07-2024,At Risk User,01-07-2024
U0375,04-09-2023,Basic,9.3,11-11-2023,0,Debit Card,Active,Not Applicable,70,22.9,619,0,01-09-2023,Power User,01-09-2023
U0376,06-07-2025,Enterprise,3.5,13-07-2025,0,PayPal,Active,Not Applicable,40,0.5,9,0,01-07-2025,Other Active User,01-07-2025
U0377,08-07-2024,Basic,6.7,15-06-2025,4,PayPal,Active,Not Applicable,90,12.6,37,0,01-07-2024,Other Active User,01-07-2024
U0378,29-09-2024,Enterprise,5.4,13-10-2024,0,UPI,Active,Not Applicable,50,9.9,282,0,01-09-2024,At Risk User,01-09-2024
U0379,20-05-2025,Enterprise,9.4,05-07-2025,0,Credit Card,Active,Not Applicable,-20,2.1,17,0,01-05-2025,Other Active User,01-05-2025
U0380,04-01-2025,Premium,3.4,21-07-2025,4,PayPal,Active,Not Applicable,80,6.6,1,0,01-01-2025,Other Active User,01-01-2025
U0381,04-07-2024,Basic,3.3,06-01-2025,2,UPI,Active,Not Applicable,50,12.8,197,0,01-07-2024,At Risk User,01-07-2024
U0382,03-08-2024,Basic,3.8,12-05-2025,1,PayPal,Active,Not Applicable,-60,11.8,71,0,01-08-2024,At Risk User,01-08-2024
U0383,13-01-2025,Basic,0.8,02-05-2025,0,Debit Card,Active,Not Applicable,-40,6.3,81,0,01-01-2025,At Risk User,01-01-2025
U0384,06-02-2025,Basic,3.9,04-05-2025,1,Credit Card,Active,Not Applicable,-80,5.5,79,0,01-02-2025,At Risk User,01-02-2025
U0385,12-11-2024,Premium,3.5,21-01-2025,1,Credit Card,Active,Not Applicable,50,8.4,182,0,01-11-2024,At Risk User,01-11-2024
U0386,26-09-2023,Premium,5.3,19-12-2024,3,PayPal,Active,Not Applicable,80,22.2,215,0,01-09-2023,At Risk User,01-09-2023
U0387,13-11-2024,Premium,5.7,09-05-2025,0,PayPal,Active,Not Applicable,20,8.4,74,0,01-11-2024,At Risk User,01-11-2024
U0388,12-12-2023,Enterprise,8.8,24-04-2025,2,Credit Card,Active,Not Applicable,-80,19.6,89,0,01-12-2023,Power User,01-12-2023
U0389,09-04-2024,Basic,6.9,25-03-2025,3,UPI,Cancelled,Too Expensive,30,15.6,119,1,01-04-2024,Churned User,01-04-2024
U0390,04-12-2023,Basic,3.8,11-06-2024,3,Debit Card,Active,Not Applicable,-10,19.9,406,0,01-12-2023,At Risk User,01-12-2023
U0391,15-10-2023,Premium,3.2,17-12-2024,0,PayPal,Cancelled,No Longer Needed,40,21.5,217,1,01-10-2023,Churned User,01-10-2023
U0392,06-11-2024,Premium,6,14-01-2025,3,Debit Card,Cancelled,Lack of Use,-90,8.6,189,1,01-11-2024,Churned User,01-11-2024
U0393,14-12-2023,Basic,2.4,15-03-2025,2,Credit Card,Active,Not Applicable,-80,19.5,129,0,01-12-2023,At Risk User,01-12-2023
U0394,20-04-2025,Premium,8.7,09-07-2025,4,Debit Card,Cancelled,No Longer Needed,10,3.1,13,1,01-04-2025,Churned User,01-04-2025
U0395,21-02-2024,Basic,7.4,26-09-2024,4,PayPal,Active,Not Applicable,40,17.2,299,0,01-02-2024,At Risk User,01-02-2024
U0396,13-06-2025,Premium,4.1,26-06-2025,4,PayPal,Cancelled,Too Expensive,-70,1.3,26,1,01-06-2025,Churned User,01-06-2025
U0397,21-10-2023,Basic,1.6,02-04-2024,2,PayPal,Active,Not Applicable,-10,21.3,476,0,01-10-2023,At Risk User,01-10-2023
U0398,18-06-2025,Premium,7.7,21-06-2025,2,Debit Card,Cancelled,Lack of Use,-60,1.1,31,1,01-06-2025,Churned User,01-06-2025
U0399,30-05-2024,Basic,4.8,14-08-2024,0,Debit Card,Active,Not Applicable,70,13.9,342,0,01-05-2024,At Risk User,01-05-2024
U0400,28-08-2023,Premium,7.5,09-06-2025,2,PayPal,Cancelled,No Longer Needed,-70,23.1,43,1,01-08-2023,Churned User,01-08-2023
U0401,17-07-2025,Premium,1.8,17-07-2025,0,Credit Card,Active,Not Applicable,-40,0.2,5,0,01-07-2025,At Risk User,01-07-2025
U0402,14-11-2024,Premium,3.8,29-01-2025,0,UPI,Cancelled,No Longer Needed,-40,8.3,174,1,01-11-2024,Churned User,01-11-2024
U0403,02-03-2025,Enterprise,5,02-07-2025,0,PayPal,Active,Not Applicable,90,4.7,20,0,01-03-2025,Other Active User,01-03-2025
U0404,27-07-2023,Basic,5.1,09-06-2025,4,UPI,Active,Not Applicable,40,24.2,43,0,01-07-2023,Other Active User,01-07-2023
U0405,22-12-2023,Enterprise,4.1,23-06-2024,2,Credit Card,Cancelled,Lack of Use,-100,19.3,394,1,01-12-2023,Churned User,01-12-2023
U0406,21-08-2023,Basic,6.2,27-02-2025,4,UPI,Active,Not Applicable,-30,23.4,145,0,01-08-2023,At Risk User,01-08-2023
U0407,16-02-2024,Basic,2.9,09-04-2025,0,Debit Card,Cancelled,Too Expensive,30,17.4,104,1,01-02-2024,Churned User,01-02-2024
U0408,11-10-2023,Premium,4.7,24-04-2024,0,Credit Card,Active,Not Applicable,60,21.7,454,0,01-10-2023,At Risk User,01-10-2023
U0409,05-10-2024,Enterprise,5.2,09-12-2024,4,Debit Card,Active,Not Applicable,-20,9.7,225,0,01-10-2024,At Risk User,01-10-2024
U0410,09-10-2023,Basic,6,22-11-2023,0,PayPal,Active,Not Applicable,90,21.7,608,0,01-10-2023,At Risk User,01-10-2023
U0411,03-04-2024,Premium,6.4,16-02-2025,0,Debit Card,Active,Not Applicable,50,15.8,156,0,01-04-2024,At Risk User,01-04-2024
U0412,19-11-2023,Basic,2.8,28-04-2024,4,UPI,Active,Not Applicable,-30,20.4,450,0,01-11-2023,At Risk User,01-11-2023
U0413,18-05-2025,Premium,1.9,29-05-2025,0,PayPal,Active,Not Applicable,-30,2.2,54,0,01-05-2025,At Risk User,01-05-2025
U0414,12-11-2023,Basic,7.6,19-07-2024,1,Credit Card,Active,Not Applicable,100,20.6,368,0,01-11-2023,At Risk User,01-11-2023
U0415,13-11-2024,Enterprise,5.7,17-01-2025,1,PayPal,Active,Not Applicable,70,8.4,186,0,01-11-2024,At Risk User,01-11-2024
U0416,30-07-2023,Premium,3.5,16-04-2024,4,Credit Card,Cancelled,Lack of Use,-40,24.1,462,1,01-07-2023,Churned User,01-07-2023
U0417,24-10-2023,Premium,8.1,09-04-2025,4,Credit Card,Active,Not Applicable,-50,21.2,104,0,01-10-2023,Power User,01-10-2023
U0418,23-12-2024,Premium,5.2,28-04-2025,1,PayPal,Active,Not Applicable,30,7,85,0,01-12-2024,At Risk User,01-12-2024
U0419,08-12-2023,Premium,7.4,10-12-2023,3,UPI,Active,Not Applicable,-80,19.7,590,0,01-12-2023,At Risk User,01-12-2023
U0420,18-03-2024,Premium,5.1,14-04-2025,0,Credit Card,Cancelled,Technical Issues,30,16.4,99,1,01-03-2024,Churned User,01-03-2024
U0421,21-02-2025,Premium,9.1,28-06-2025,3,UPI,Cancelled,No Longer Needed,40,5,24,1,01-02-2025,Churned User,01-02-2025
U0422,24-07-2023,Basic,8.5,02-12-2023,4,Credit Card,Active,Not Applicable,60,24.3,598,0,01-07-2023,Power User,01-07-2023
U0423,04-03-2025,Premium,4.5,24-05-2025,1,Credit Card,Active,Not Applicable,-20,4.7,59,0,01-03-2025,Other Active User,01-03-2025
U0424,11-08-2023,Basic,6.9,05-01-2024,1,Credit Card,Active,Not Applicable,-100,23.7,564,0,01-08-2023,At Risk User,01-08-2023
U0425,09-04-2025,Basic,6.3,11-07-2025,2,Debit Card,Cancelled,Technical Issues,-80,3.5,11,1,01-04-2025,Churned User,01-04-2025
U0426,16-12-2024,Basic,7.7,02-01-2025,0,Credit Card,Active,Not Applicable,20,7.3,201,0,01-12-2024,At Risk User,01-12-2024
U0427,07-05-2024,Premium,3.1,07-07-2025,4,Credit Card,Active,Not Applicable,-90,14.7,15,0,01-05-2024,Other Active User,01-05-2024
U0428,27-07-2023,Premium,6.4,04-10-2024,0,Debit Card,Active,Not Applicable,-90,24.2,291,0,01-07-2023,At Risk User,01-07-2023
U0429,07-03-2024,Premium,7.1,04-05-2024,2,PayPal,Active,Not Applicable,40,16.7,444,0,01-03-2024,At Risk User,01-03-2024
U0430,29-12-2024,Premium,1.5,24-03-2025,4,UPI,Cancelled,Technical Issues,-70,6.8,120,1,01-12-2024,Churned User,01-12-2024
U0431,24-05-2024,Basic,2.6,09-10-2024,2,PayPal,Active,Not Applicable,90,14.1,286,0,01-05-2024,At Risk User,01-05-2024
U0432,22-08-2024,Basic,0.9,18-02-2025,2,UPI,Active,Not Applicable,70,11.1,154,0,01-08-2024,At Risk User,01-08-2024
U0433,12-03-2024,Basic,4.5,17-01-2025,4,UPI,Active,Not Applicable,40,16.6,186,0,01-03-2024,At Risk User,01-03-2024
U0434,24-01-2024,Enterprise,6.4,23-02-2024,2,Debit Card,Active,Not Applicable,-80,18.2,515,0,01-01-2024,At Risk User,01-01-2024
U0435,14-07-2024,Basic,8,09-12-2024,2,PayPal,Active,Not Applicable,-70,12.4,225,0,01-07-2024,At Risk User,01-07-2024
U0436,04-06-2025,Enterprise,5.1,25-06-2025,1,UPI,Active,Not Applicable,-90,1.6,27,0,01-06-2025,Other Active User,01-06-2025
U0437,15-12-2023,Basic,8.3,07-09-2024,0,Credit Card,Cancelled,Switched to Competitor,0,19.5,318,1,01-12-2023,Churned User,01-12-2023
U0438,09-03-2025,Premium,2.2,24-04-2025,2,UPI,Cancelled,Too Expensive,50,4.5,89,1,01-03-2025,Churned User,01-03-2025
U0439,20-09-2023,Basic,1.6,08-02-2024,4,Debit Card,Active,Not Applicable,20,22.4,530,0,01-09-2023,At Risk User,01-09-2023
U0440,25-09-2023,Premium,4.9,02-06-2024,2,UPI,Active,Not Applicable,100,22.2,415,0,01-09-2023,At Risk User,01-09-2023
U0441,27-02-2025,Enterprise,5.8,27-05-2025,1,Credit Card,Cancelled,Lack of Use,-50,4.8,56,1,01-02-2025,Churned User,01-02-2025
U0442,18-04-2024,Basic,4.9,17-11-2024,1,UPI,Cancelled,Lack of Use,80,15.3,247,1,01-04-2024,Churned User,01-04-2024
U0443,02-09-2023,Basic,0.9,07-01-2024,4,UPI,Active,Not Applicable,80,23,562,0,01-09-2023,At Risk User,01-09-2023
U0444,05-07-2024,Premium,4.8,05-08-2024,4,Debit Card,Active,Not Applicable,-60,12.7,351,0,01-07-2024,At Risk User,01-07-2024
U0445,06-09-2024,Enterprise,2.4,17-11-2024,1,Credit Card,Active,Not Applicable,90,10.6,247,0,01-09-2024,At Risk User,01-09-2024
U0446,10-11-2023,Premium,6.3,04-02-2025,1,Credit Card,Cancelled,Too Expensive,60,20.7,168,1,01-11-2023,Churned User,01-11-2023
U0447,23-03-2025,Basic,5.7,08-05-2025,0,PayPal,Active,Not Applicable,-80,4,75,0,01-03-2025,At Risk User,01-03-2025
U0448,18-03-2024,Premium,3.1,08-12-2024,1,Debit Card,Active,Not Applicable,30,16.4,226,0,01-03-2024,At Risk User,01-03-2024
U0449,28-03-2025,Premium,4,08-04-2025,1,UPI,Active,Not Applicable,40,3.9,105,0,01-03-2025,At Risk User,01-03-2025
U0450,06-03-2025,Basic,2.9,28-06-2025,0,PayPal,Active,Not Applicable,-30,4.6,24,0,01-03-2025,At Risk User,01-03-2025
U0451,14-09-2023,Premium,4.9,19-09-2024,1,Debit Card,Active,Not Applicable,-40,22.6,306,0,01-09-2023,At Risk User,01-09-2023
U0452,17-12-2024,Premium,6.9,05-01-2025,1,Credit Card,Active,Not Applicable,100,7.2,198,0,01-12-2024,At Risk User,01-12-2024
U0453,28-09-2023,Premium,3,04-01-2025,3,UPI,Active,Not Applicable,-30,22.1,199,0,01-09-2023,At Risk User,01-09-2023
U0454,01-05-2024,Premium,6,25-04-2025,2,Debit Card,Active,Not Applicable,30,14.9,88,0,01-05-2024,At Risk User,01-05-2024
U0455,25-05-2025,Premium,3.9,07-07-2025,2,Debit Card,Active,Not Applicable,-20,1.9,15,0,01-05-2025,Other Active User,01-05-2025
U0456,11-07-2025,Premium,3.4,14-07-2025,2,PayPal,Active,Not Applicable,-10,0.4,8,0,01-07-2025,Other Active User,01-07-2025
U0457,04-02-2024,Basic,4.8,29-05-2025,2,PayPal,Active,Not Applicable,-40,17.8,54,0,01-02-2024,Other Active User,01-02-2024
U0458,10-07-2024,Premium,2.9,24-05-2025,3,PayPal,Active,Not Applicable,-80,12.6,59,0,01-07-2024,At Risk User,01-07-2024
U0459,21-11-2024,Premium,3.9,27-03-2025,4,PayPal,Active,Not Applicable,40,8.1,117,0,01-11-2024,At Risk User,01-11-2024
U0460,26-05-2025,Premium,2.6,07-06-2025,3,PayPal,Active,Not Applicable,60,1.9,45,0,01-05-2025,At Risk User,01-05-2025
U0461,26-08-2023,Premium,8.9,04-07-2025,1,Credit Card,Active,Not Applicable,100,23.2,18,0,01-08-2023,Power User,01-08-2023
U0462,25-01-2025,Basic,5.1,11-07-2025,2,Debit Card,Active,Not Applicable,100,5.9,11,0,01-01-2025,Other Active User,01-01-2025
U0463,04-05-2024,Premium,3.6,28-06-2024,0,Credit Card,Active,Not Applicable,-20,14.8,389,0,01-05-2024,At Risk User,01-05-2024
U0464,25-02-2025,Basic,5.4,20-03-2025,2,Credit Card,Active,Not Applicable,-20,4.9,124,0,01-02-2025,At Risk User,01-02-2025
U0465,13-07-2025,Premium,4.8,15-07-2025,2,Credit Card,Cancelled,No Longer Needed,-20,0.3,7,1,01-07-2025,Churned User,01-07-2025
U0466,02-12-2024,Basic,4.6,10-01-2025,2,Credit Card,Active,Not Applicable,-100,7.7,193,0,01-12-2024,At Risk User,01-12-2024
U0467,24-02-2025,Basic,6.2,20-03-2025,1,Debit Card,Active,Not Applicable,80,4.9,124,0,01-02-2025,At Risk User,01-02-2025
U0468,16-12-2023,Premium,6.5,18-03-2024,4,Credit Card,Active,Not Applicable,60,19.5,491,0,01-12-2023,At Risk User,01-12-2023
U0469,03-06-2025,Basic,3.9,09-07-2025,3,Debit Card,Active,Not Applicable,90,1.6,13,0,01-06-2025,Other Active User,01-06-2025
U0470,03-01-2025,Premium,3.8,06-04-2025,0,UPI,Active,Not Applicable,-70,6.7,107,0,01-01-2025,At Risk User,01-01-2025
U0471,31-07-2024,Premium,4.4,28-04-2025,3,PayPal,Active,Not Applicable,50,11.9,85,0,01-07-2024,At Risk User,01-07-2024
U0472,21-03-2025,Enterprise,0.4,27-06-2025,2,Credit Card,Active,Not Applicable,-40,4.1,25,0,01-03-2025,At Risk User,01-03-2025
U0473,04-01-2024,Premium,2,11-07-2024,1,PayPal,Active,Not Applicable,-70,18.8,376,0,01-01-2024,At Risk User,01-01-2024
U0474,01-01-2024,Enterprise,7.7,19-02-2025,3,Debit Card,Active,Not Applicable,60,18.9,153,0,01-01-2024,At Risk User,01-01-2024
U0475,28-04-2025,Basic,8.3,13-06-2025,4,Credit Card,Active,Not Applicable,60,2.8,39,0,01-04-2025,Other Active User,01-04-2025
U0476,05-11-2023,Enterprise,4.5,14-12-2023,2,Debit Card,Active,Not Applicable,-100,20.8,586,0,01-11-2023,At Risk User,01-11-2023
U0477,30-07-2024,Basic,6.2,15-12-2024,3,PayPal,Cancelled,Technical Issues,30,11.9,219,1,01-07-2024,Churned User,01-07-2024
U0478,02-08-2024,Enterprise,5.6,24-03-2025,2,Debit Card,Active,Not Applicable,-60,11.8,120,0,01-08-2024,At Risk User,01-08-2024
U0479,01-07-2024,Enterprise,11.2,07-01-2025,4,PayPal,Active,Not Applicable,-80,12.9,196,0,01-07-2024,Power User,01-07-2024
U0480,28-12-2023,Premium,7.2,15-05-2024,0,Debit Card,Cancelled,No Longer Needed,-40,19.1,433,1,01-12-2023,Churned User,01-12-2023
U0481,21-02-2025,Premium,4.7,15-04-2025,2,Debit Card,Active,Not Applicable,-30,5,98,0,01-02-2025,At Risk User,01-02-2025
U0482,14-06-2025,Basic,3.1,14-07-2025,2,UPI,Cancelled,Too Expensive,-50,1.3,8,1,01-06-2025,Churned User,01-06-2025
U0483,17-05-2024,Basic,1.8,25-05-2024,4,Credit Card,Active,Not Applicable,-90,14.4,423,0,01-05-2024,At Risk User,01-05-2024
U0484,22-12-2023,Premium,5.4,23-03-2025,4,Credit Card,Active,Not Applicable,100,19.3,121,0,01-12-2023,At Risk User,01-12-2023
U0485,22-09-2023,Basic,3.5,17-02-2024,1,Credit Card,Active,Not Applicable,-100,22.3,521,0,01-09-2023,At Risk User,01-09-2023
U0486,28-04-2024,Basic,2.2,18-06-2024,1,PayPal,Active,Not Applicable,70,15,399,0,01-04-2024,At Risk User,01-04-2024
U0487,22-07-2025,Basic,3.7,22-07-2025,4,UPI,Active,Not Applicable,20,0,0,0,01-07-2025,Other Active User,01-07-2025
U0488,28-11-2023,Basic,2.8,24-08-2024,3,UPI,Active,Not Applicable,-70,20.1,332,0,01-11-2023,At Risk User,01-11-2023
U0489,23-05-2024,Basic,8.4,18-04-2025,1,PayPal,Active,Not Applicable,80,14.2,95,0,01-05-2024,Power User,01-05-2024
U0490,01-04-2025,Premium,6.8,04-05-2025,0,Debit Card,Active,Not Applicable,-10,3.7,79,0,01-04-2025,At Risk User,01-04-2025
U0491,23-08-2024,Premium,5,11-07-2025,4,UPI,Active,Not Applicable,-100,11.1,11,0,01-08-2024,Other Active User,01-08-2024
U0492,23-07-2023,Premium,8,12-02-2025,2,Credit Card,Active,Not Applicable,-50,24.3,160,0,01-07-2023,At Risk User,01-07-2023
U0493,13-06-2024,Basic,5.2,28-08-2024,4,PayPal,Active,Not Applicable,-60,13.5,328,0,01-06-2024,At Risk User,01-06-2024
U0494,06-12-2023,Premium,3.3,04-04-2024,0,Debit Card,Active,Not Applicable,50,19.8,474,0,01-12-2023,At Risk User,01-12-2023
U0495,23-11-2023,Basic,8,29-11-2024,3,PayPal,Active,Not Applicable,30,20.2,235,0,01-11-2023,At Risk User,01-11-2023
U0496,07-05-2024,Basic,6.1,25-12-2024,1,UPI,Cancelled,Too Expensive,-70,14.7,209,1,01-05-2024,Churned User,01-05-2024
U0497,07-08-2024,Enterprise,2.9,17-06-2025,1,PayPal,Active,Not Applicable,90,11.6,35,0,01-08-2024,At Risk User,01-08-2024
U0498,02-12-2023,Basic,4.6,07-10-2024,2,PayPal,Active,Not Applicable,80,19.9,288,0,01-12-2023,At Risk User,01-12-2023
U0499,18-11-2023,Premium,3.2,10-02-2025,4,PayPal,Active,Not Applicable,-20,20.4,162,0,01-11-2023,At Risk User,01-11-2023
U0500,06-12-2023,Premium,2.2,12-11-2024,0,Credit Card,Active,Not Applicable,-20,19.8,252,0,01-12-2023,At Risk User,01-12-2023
